Books_name,Books_Author,Books_Date,Books_Kindle,Books_Hardcover,Books_Pages,Books_Publisher,Books_Language,Books_Rating,Books_Reviews,Books_Dimensions
The Reckoning: A Novel,John Grisham,"Oct 23, 2018",$13.96 ,$12.39 ,432 pages,"Doubleday (October 23, 2018)",English,3.4 out of 5 stars,406 customer reviews,6.6 x 1.4 x 9.5 inches
Every Breath,Nicholas Sparks,"Oct 16, 2018",,$16.80 ,320 pages,"Grand Central Publishing (October 16, 2018)",English,4.7 out of 5 stars,276 customer reviews,)
"Gmorning, Gnight!: Little Pep Talks for Me & You",Lin-Manuel Miranda,"Oct 16, 2018",$13.20 ,$13.20 ,224 pages,"Random House (October 16, 2018)",English,4.6 out of 5 stars,49 customer reviews,5.2 x 0.9 x 7.8 inches
Where the Crawdads Sing,Delia Owens,"Aug 14, 2018",$16.20 ,$16.20 ,384 pages,"G.P. Putnam's Sons; 1st Edition edition (August 14, 2018)",English,4.8 out of 5 stars,"1,053 customer reviews",)
Dark Sacred Night (A Ballard and Bosch Novel),Michael Connelly,"Oct 30, 2018",$17.40 ,$17.40 ,448 pages,"Little, Brown and Company (October 30, 2018)",English,4.4 out of 5 stars,109 customer reviews,6.4 x 1.5 x 9.6 inches
Elevation,Stephen King,"Oct 30, 2018",$11.97 ,$7.55 ,160 pages,"Scribner (October 30, 2018)",English,3.6 out of 5 stars,279 customer reviews,)
Past Tense: A Jack Reacher Novel,Lee Child,"Nov 5, 2018",,$18.61 ,400 pages,"Delacorte Press (November 5, 2018)",English,4.1 out of 5 stars,38 customer reviews,6.2 x 1.2 x 9.3 inches
Unsheltered: A Novel,Barbara Kingsolver,"Oct 16, 2018",,$17.99 ,480 pages,"Harper (October 16, 2018)",English,4.0 out of 5 stars,45 customer reviews,6 x 1.3 x 9 inches
The Next Person You Meet in Heaven: The Sequel to The Five People You Meet in Heaven,Mitch Albom,"Oct 9, 2018",,$13.98 ,224 pages,"Harper (October 9, 2018)",English,4.6 out of 5 stars,109 customer reviews,5 x 0.8 x 7.2 inches
To Kill a Mockingbird,Harper Lee,"Jul 5, 2005",$17.67 ,$8.49 ,,Harper Perennial Modern Classics (2002),English,4.7 out of 5 stars,"10,290 customer reviews",)
Eleanor Oliphant Is Completely Fine: A Novel,Gail Honeyman,"Jun 5, 2018",$15.30 ,$7.99 ,,"Penguin Books; Reprint edition (June 5, 2018)",English,4.6 out of 5 stars,"3,163 customer reviews",)
Nine Perfect Strangers,Liane Moriarty,"Nov 6, 2018",$18.61 ,$18.61 ,464 pages,"Flatiron Books (November 6, 2018)",English,3.6 out of 5 stars,26 customer reviews,)
A Spark of Light: A Novel,Jodi Picoult,"Oct 2, 2018",,$14.49 ,384 pages,"Ballantine Books; 1st edition (October 2, 2018)",English,3.3 out of 5 stars,496 customer reviews,)
The Witch Elm: A Novel,Tana French,"Oct 9, 2018",,$18.30 ,528 pages,"Viking; First Edition edition (October 9, 2018)",English,3.4 out of 5 stars,183 customer reviews,6.4 x 1.6 x 9.3 inches
"Dungeons and Dragons Art and Arcana [Special Edition, Boxed Book & Ephemera Set]: A Visual History",Michael Witwer,"Oct 23, 2018",$75.00 ,$75.00 ,448 pages,"Ten Speed Press; Special edition (October 23, 2018)",English,4.6 out of 5 stars,23 customer reviews,)
Fire & Blood: 300 Years Before A Game of Thrones (A Targaryen History) (A Song of Ice and Fire),George R. R. Martin,"Nov 20, 2018",$14.77 ,$20.99 ,736 pages,"Bantam (November 20, 2018)",English,,,152479628X
Dungeons and Dragons Art and Arcana: A Visual History,Michael Witwer,"Oct 23, 2018",$14.77 ,$34.00 ,448 pages,"Ten Speed Press (October 23, 2018)",English,4.5 out of 5 stars,27 customer reviews,9.2 x 1.3 x 12.2 inches
The Haunting of Hill House (Penguin Classics),Shirley Jackson,"Nov 28, 2006",$20.70 ,$11.09 ,,"Penguin Classics; 1 edition (November 28, 2006)",English,3.9 out of 5 stars,932 customer reviews,5.6 x 0.6 x 7.8 inches
The Alchemist,Paulo Coelho,"Apr 15, 2014",$15.99 ,$13.30 ,,"HarperOne; Anniversary edition (April 15, 2014)",English,4.6 out of 5 stars,"12,080 customer reviews",7.9 x 5.1 x 0.8 inches
Fahrenheit 451,Ray Bradbury,"Jan 10, 2012",,$8.53 ,,"Simon & Schuster; Reissue edition (January 10, 2012)",English,4.4 out of 5 stars,"3,506 customer reviews",5.5 x 0.9 x 8.4 inches
Crazy Rich Asians (Crazy Rich Asians Trilogy),Kevin Kwan,"May 20, 2014",,$5.41 ,,"Anchor; Reprint edition (May 20, 2014)",English,4.2 out of 5 stars,"3,018 customer reviews",345803787
Holy Ghost (A Virgil Flowers Novel),John Sandford,"Oct 9, 2018",$17.40 ,$17.40 ,384 pages,"G.P. Putnam's Sons; First Edition edition (October 9, 2018)",English,4.4 out of 5 stars,402 customer reviews,735217327
Look Alive Twenty-Five: A Stephanie Plum Novel,Janet Evanovich,"Nov 13, 2018",$19.36 ,$19.60 ,320 pages,"G.P. Putnam's Sons (November 13, 2018)",English,,,6.4 x 1 x 9.5 inches
"Dr. Seuss's Beginner Book Collection (Cat in the Hat, One Fish Two Fish, Green Eggs and Ham, Hop on Pop, Fox in Socks)",,"Sep 22, 2009",,$25.62 ,360 pages,"Random House Books for Young Readers (September 22, 2009)",English,4.9 out of 5 stars,"1,386 customer reviews",375851569
Milk and Honey,Rupi Kaur,"Oct 6, 2015",$13.98 ,$8.99 ,,"Andrews McMeel Publishing; Reprint edition (October 6, 2015)",English,4.6 out of 5 stars,"5,722 customer reviews",144947425X
China Rich Girlfriend (Crazy Rich Asians Trilogy),Kevin Kwan,"May 31, 2016",,$12.80 ,,"Anchor; Reprint edition (May 31, 2016)",English,4.3 out of 5 stars,"1,214 customer reviews",804172064
Before We Were Yours: A Novel,Lisa Wingate,"Jun 6, 2017",,$14.29 ,352 pages,"Ballantine Books; First Edition edition (June 6, 2017)",English,4.7 out of 5 stars,"8,391 customer reviews",)
Killing Commendatore: A novel,Haruki Murakami,"Oct 9, 2018",$19.49 ,$19.49 ,704 pages,"Knopf; First American Edition edition (October 9, 2018)",English,3.8 out of 5 stars,48 customer reviews,)
The Great Gatsby,F. Scott Fitzgerald,"Sep 30, 2004",$25.41 ,$7.59 ,,"Scribner (September 30, 2004)",English,4.2 out of 5 stars,"6,521 customer reviews",743273567
The Clockmaker's Daughter: A Novel,Kate Morton,"Oct 9, 2018",$18.30 ,$16.75 ,496 pages,"Atria Books (October 9, 2018)",English,3.6 out of 5 stars,168 customer reviews,6 x 1.3 x 9 inches
The Tattooist of Auschwitz: A Novel,Heather Morris,"Sep 4, 2018",$22.51 ,$13.58 ,,"Harper Paperbacks; Reprint edition (September 4, 2018)",English,4.6 out of 5 stars,452 customer reviews,)
Less (Winner of the Pulitzer Prize): A Novel,Andrew Sean Greer,"May 22, 2018",$17.68 ,$10.87 ,,"Back Bay Books; Reprint edition (May 22, 2018)",English,3.7 out of 5 stars,974 customer reviews,)
Lethal White (A Cormoran Strike Novel),Robert Galbraith,"Sep 18, 2018",$17.40 ,$14.48 ,656 pages,"Mulholland Books; First Edition edition (September 18, 2018)",English,4.6 out of 5 stars,542 customer reviews,10 x 6 x 2.5 inches
Rich People Problems (Crazy Rich Asians Trilogy),Kevin Kwan,"May 1, 2018",,$8.48 ,,"Anchor; Reprint edition (May 1, 2018)",English,4.6 out of 5 stars,798 customer reviews,5.2 x 1 x 8 inches
Pachinko (National Book Award Finalist),Min Jin Lee,"Nov 14, 2017",,$6.30 ,,"Grand Central Publishing; Reprint edition (November 14, 2017)",English,4.5 out of 5 stars,"1,872 customer reviews",5.4 x 1.5 x 8 inches
Xanathar's Guide to Everything,Wizards RPG Team,"Nov 21, 2017",$33.96 ,$33.96 ,192 pages,"Wizards of the Coast (November 21, 2017)",English,4.5 out of 5 stars,549 customer reviews,)
The Outsiders,S. E. Hinton,"Apr 20, 2006",,$7.17 ,,"Speak; Platinum ed. edition (April 20, 2006)",English,4.7 out of 5 stars,"2,339 customer reviews",014240733X
Long Road to Mercy (Atlee Pine),David Baldacci,"Nov 13, 2018",$14.39 ,$19.28 ,416 pages,"Grand Central Publishing (November 13, 2018)",English,,,6.4 x 1.2 x 9.4 inches
Beneath a Scarlet Sky: A Novel,Mark Sullivan,"May 1, 2017",$15.99 ,$11.99 ,,"Lake Union Publishing (May 1, 2017)",English,4.8 out of 5 stars,"20,816 customer reviews",)
Last Week Tonight with John Oliver Presents a Day in the Life of Marlon Bundo,Jill Twiss,"Mar 18, 2018",,$8.27 ,40 pages,"Chronicle Books (March 18, 2018)",English,4.9 out of 5 stars,"7,913 customer reviews",978-1452173801
Little Fires Everywhere,Celeste Ng,"Sep 12, 2017",,$15.71 ,352 pages,"Penguin Press; 1st Edition edition (September 12, 2017)",English,4.3 out of 5 stars,"3,487 customer reviews",6.3 x 1.1 x 9.3 inches
Go the F**k to Sleep,Adam Mansbach,"Jun 14, 2011",,$9.15 ,32 pages,"Akashic Books; 1st edition (June 14, 2011)",English,4.7 out of 5 stars,"3,562 customer reviews",)
D&D Waterdeep Dragon Heist HC (D&D Adventure),Wizards RPG Team,"Sep 18, 2018",$27.24 ,$27.24 ,256 pages,"Wizards of the Coast (September 18, 2018)",English,4.3 out of 5 stars,52 customer reviews,786966254
A Gentleman in Moscow: A Novel,Amor Towles,"Sep 6, 2016",,$18.90 ,480 pages,"Viking; 1 edition (September 6, 2016)",English,4.7 out of 5 stars,"9,278 customer reviews",)
Ambush (Michael Bennett),James Patterson,"Oct 8, 2018",$15.67 ,$15.67 ,432 pages,"Little, Brown and Company; First Edition edition (October 8, 2018)",English,3.7 out of 5 stars,77 customer reviews,6.2 x 1.4 x 9.6 inches
Winter in Paradise,Elin Hilderbrand,"Oct 9, 2018",,$12.64 ,320 pages,"Little, Brown and Company (October 9, 2018)",English,3.9 out of 5 stars,105 customer reviews,6.5 x 1 x 9.5 inches
The Outsider: A Novel,Stephen King,"May 22, 2018",,$18.01 ,576 pages,"Scribner; First Editiion edition (May 22, 2018)",English,4.4 out of 5 stars,"3,120 customer reviews",6.1 x 1.7 x 9.2 inches
Lord of the Flies,William Golding,"Dec 16, 2003",$18.74 ,$6.82 ,,"Penguin Books; Reissue edition (December 16, 2003)",English,4.2 out of 5 stars,"2,715 customer reviews",)
The Flame: Poems Notebooks Lyrics Drawings,,"Oct 2, 2018",$23.54 ,$22.00 ,288 pages,"Farrar, Straus and Giroux; First American Edition edition (October 2, 2018)",English,4.8 out of 5 stars,16 customer reviews,)
The Great Alone: A Novel,Kristin Hannah,"Feb 6, 2018",,$16.97 ,448 pages,"St. Martin's Press; First Edition edition (February 6, 2018)",English,4.6 out of 5 stars,"4,590 customer reviews",)
Red War (A Mitch Rapp Novel),Vince Flynn,"Sep 25, 2018",$17.38 ,$17.38 ,384 pages,"Atria/Emily Bestler Books (September 25, 2018)",English,3.9 out of 5 stars,251 customer reviews,6.1 x 1.3 x 9.2 inches
1984 (Signet Classics),George Orwell,"Jul 1, 1950",$13.49 ,$5.39 ,,"Signet Classic (January 1, 1961)",English,4.5 out of 5 stars,"6,559 customer reviews",4.2 x 0.9 x 7.5 inches
The President Is Missing: A Novel,James Patterson,"Jun 4, 2018",$19.07 ,$19.07 ,528 pages,"Little, Brown and Company and Knopf; First Edition edition (June 4, 2018)",English,4.3 out of 5 stars,"4,455 customer reviews",)
Hamilton: The Revolution,Lin-Manuel Miranda,"Apr 12, 2016",$24.75 ,$23.50 ,288 pages,"Grand Central Publishing; First Edition edition (April 12, 2016)",English,4.8 out of 5 stars,"1,973 customer reviews",)
The Woman in the Window: A Novel,A. J. Finn,"Jan 2, 2018",$16.20 ,$16.20 ,448 pages,"William Morrow; First Edition edition (January 2, 2018)",English,4.3 out of 5 stars,"4,312 customer reviews",6 x 1.4 x 9 inches
The Nightingale: A Novel,Kristin Hannah,"Apr 25, 2017",$15.54 ,$11.59 ,,"St. Martin's Griffin; Reprint edition (April 25, 2017)",English,4.8 out of 5 stars,"37,482 customer reviews",)
The Sun and Her Flowers,Rupi Kaur,"Oct 3, 2017",$5.71 ,$12.10 ,,"Andrews McMeel Publishing; First Edition edition (October 3, 2017)",English,4.5 out of 5 stars,989 customer reviews,)
This Is How It Always Is,,"Jan 23, 2018",,$8.49 ,,"Flatiron Books; Reprint edition (January 23, 2018)",English,4.6 out of 5 stars,616 customer reviews,)
How the Grinch Stole Christmas! (Classic Seuss),Dr. Seuss,"Oct 12, 1957",,$9.41 ,64 pages,"Random House Books for Young Readers; Early Printing edition (October 12, 1957)",English,4.7 out of 5 stars,825 customer reviews,English
Of Mice and Men,John Steinbeck,"Sep 1, 1993",$18.11 ,$7.76 ,,"Penguin Books; Reissue edition (September 1, 1993)",English,4.4 out of 5 stars,"3,148 customer reviews",)
Where the Sidewalk Ends: Poems and Drawings,Shel Silverstein,"Feb 18, 2014",,$13.19 ,176 pages,"HarperCollins; 1st edition (February 18, 2014)",English,4.9 out of 5 stars,"1,702 customer reviews",60256672
We Were the Lucky Ones: A Novel,Georgia Hunter,"Jan 2, 2018",,$12.80 ,,"Penguin Books; Reprint edition (January 2, 2018)",English,4.8 out of 5 stars,"1,650 customer reviews",)
An American Marriage: A Novel (Oprah's Book Club 2018 Selection),Tayari Jones,"Feb 6, 2018",,$16.17 ,320 pages,"Algonquin Books; Oprah's Book Club edition (February 6, 2018)",English,4.5 out of 5 stars,"2,019 customer reviews",1616208775
You're Only Old Once!: A Book for Obsolete Children,Dr. Seuss,"Jan 27, 2009",,$11.06 ,56 pages,Random House; 1st edition (March 1986),English,4.5 out of 5 stars,"1,272 customer reviews",8.3 x 0.4 x 11.3 inches
When We Were Young: A Novel (The Baxter Family),Karen Kingsbury,"Oct 16, 2018",,$15.00 ,416 pages,"Howard Books (October 16, 2018)",English,4.8 out of 5 stars,34 customer reviews,5.5 x 1.3 x 8.4 inches
The Book Thief,Markus Zusak,"Sep 11, 2007",,$10.16 ,,"Alfred A. Knopf; Reprint edition (September 11, 2007)",English,4.6 out of 5 stars,"17,809 customer reviews",9.78E+12
The Books of Earthsea: The Complete Illustrated Edition (Earthsea Cycle),Ursula K. Le Guin,"Oct 30, 2018",$37.42 ,$37.42 ,1008 pages,"Saga Press; Illustrated edition (October 30, 2018)",English,3.8 out of 5 stars,13 customer reviews,7 x 3.2 x 9 inches
Target: Alex Cross,James Patterson,"Nov 19, 2018",$15.29 ,$18.90 ,432 pages,"Little, Brown and Company (November 19, 2018)",English,,,6.2 x 1.4 x 9.6 inches
D&D MORDENKAINEN'S TOME OF FOES (D&D Accessory),Wizards RPG Team,"May 29, 2018",,$28.83 ,256 pages,"Wizards of the Coast (May 29, 2018)",English,4.5 out of 5 stars,178 customer reviews,8.6 x 0.7 x 11.1 inches
Alaskan Holiday: A Novel,Debbie Macomber,"Oct 2, 2018",$11.99 ,$11.39 ,256 pages,"Ballantine Books (October 2, 2018)",English,4.1 out of 5 stars,149 customer reviews,)
Dungeons & Dragons Guildmasters' Guide to Ravnica / D&D/Magic: The Gathering Adventure Book and Campaign Setting,Wizards RPG Team,"Nov 20, 2018",,$31.42 ,,"Wizards of the Coast (November 20, 2018)",English,,,)
CIRCE (#1 New York Times bestseller),Madeline Miller,"Apr 10, 2018",,$18.36 ,400 pages,"Little, Brown and Company; 1st Edition edition (April 10, 2018)",English,4.7 out of 5 stars,711 customer reviews,)
Things Fall Apart,Chinua Achebe,"Sep 1, 1994",$14.12 ,$7.95 ,,"Penguin Books (September 1, 1994)",English,4.3 out of 5 stars,"1,699 customer reviews",)
The Handmaid's Tale,Margaret Atwood,"Mar 16, 1998",$14.95 ,$11.70 ,,"Anchor; 1st Anchor Books edition (March 16, 1998)",English,4.1 out of 5 stars,"13,196 customer reviews",)
The Alice Network: A Novel,Kate Quinn,"Jun 6, 2017",$29.36 ,$11.11 ,,"William Morrow Paperbacks (June 6, 2017)",English,4.7 out of 5 stars,"2,389 customer reviews",)
Animal Farm,George Orwell,"Apr 6, 2004",$15.99 ,$6.96 ,,Signet; 50th Anniversary edition (1996),English,4.4 out of 5 stars,"4,082 customer reviews",)
Ready Player One: A Novel,Ernest Cline,"Jun 5, 2012",$20.00 ,$7.90 ,,"Broadway Books; 32089th edition (June 5, 2012)",English,4.6 out of 5 stars,"18,323 customer reviews",)
The Catcher in the Rye,J.D. Salinger,"May 1, 1991",$19.60 ,$7.19 ,,"Little, Brown and Company (May 1, 1991)",English,4.1 out of 5 stars,"3,651 customer reviews",4.2 x 0.8 x 6.8 inches
The Five People You Meet in Heaven,Mitch Albom,"Mar 1, 2006",$11.79 ,$9.65 ,,"Hachette Books; Reprint edition (April 7, 2003)",English,4.6 out of 5 stars,"3,214 customer reviews",5.1 x 0.5 x 7.1 inches
The Overstory: A Novel,Richard Powers,"Apr 3, 2018",$19.00 ,$13.95 ,512 pages,"W. W. Norton & Company; 1st Edition edition (April 3, 2018)",English,4.5 out of 5 stars,295 customer reviews,)
Listen to the Marriage: A Novel,John Jay Osborn,"Oct 23, 2018",,$16.51 ,256 pages,"Farrar, Straus and Giroux (October 23, 2018)",English,4.0 out of 5 stars,21 customer reviews,)
Small Great Things: A Novel,Jodi Picoult,"Feb 20, 2018",$17.60 ,$9.49 ,,"Ballantine Books; Reprint edition (February 20, 2018)",English,4.7 out of 5 stars,"7,937 customer reviews",)
Chronicles of Narnia Box Set,C. S. Lewis,"Oct 19, 2010",,$25.76 ,,"HarperCollins Narnia; Media Tie In edition (October 19, 2010)",English,4.7 out of 5 stars,"5,814 customer reviews",978-0061992889
The Tales of Beedle the Bard: The Illustrated Edition (Harry Potter),J.K. Rowling,"Oct 9, 2018",,$22.48 ,160 pages,"Arthur A. Levine Books; Illustrated, New edition (October 9, 2018)",English,4.7 out of 5 stars,16 customer reviews,9.78E+12
The Tales of Beedle the Bard: The Illustrated Edition (Harry Potter),J.K. Rowling,"Oct 9, 2018",,$22.48 ,160 pages,"Arthur A. Levine Books; Illustrated, New edition (October 9, 2018)",English,4.7 out of 5 stars,16 customer reviews,9.78E+12
Women Who Run with the Wolves: Myths and Stories of the Wild Woman Archetype,,"Nov 27, 1996",,$6.40 ,,"Ballantine Books; Reissue edition (November 27, 1996)",English,4.5 out of 5 stars,"1,010 customer reviews",)
The Hobbit and the Lord of the Rings (the Hobbit / the Fellowship of the Ring / the Two Towers / the,J.R.R. Tolkien,"Sep 25, 2012",,$21.36 ,,"Del Rey (September 25, 2012)",English,4.7 out of 5 stars,"19,207 customer reviews",)
All the Light We Cannot See: A Novel,Anthony Doerr,"Apr 4, 2017",$11.42 ,$12.23 ,,"Scribner; Reprint edition (April 4, 2017)",English,4.6 out of 5 stars,"28,256 customer reviews",)
The Fall of Gondolin,J.R.R. Tolkien,"Aug 30, 2018",,$19.49 ,304 pages,"Houghton Mifflin Harcourt; First Edition edition (August 30, 2018)",English,4.2 out of 5 stars,55 customer reviews,)
What If?: Serious Scientific Answers to Absurd Hypothetical Questions,Randall Munroe,"Sep 2, 2014",$13.99 ,$11.43 ,320 pages,"Houghton Mifflin Harcourt; 1st Edition edition (September 2, 2014)",English,4.6 out of 5 stars,"3,838 customer reviews",)
The Crucible: A Play in Four Acts,Arthur Miller,"Mar 25, 2003",$19.61 ,$4.99 ,,"Penguin Classics (March 25, 2003)",English,4.2 out of 5 stars,613 customer reviews,5.1 x 0.5 x 7.8 inches
The Travelling Cat Chronicles,Hiro Arikawa,"Oct 23, 2018",,$13.52 ,288 pages,"Berkley; Advance Copy edition (October 23, 2018)",English,4.5 out of 5 stars,27 customer reviews,)
A Game of Thrones / A Clash of Kings / A Storm of Swords / A Feast of Crows / A Dance with Dragons,George R. R. Martin,"Oct 29, 2013",$35.78 ,$29.98 ,,"Bantam; Media Tie In edition (October 29, 2013)",English,4.7 out of 5 stars,"10,086 customer reviews",345535529
There There: A novel,Tommy Orange,"Jun 5, 2018",$17.64 ,$17.64 ,304 pages,"Knopf; First Edition edition (June 5, 2018)",English,4.1 out of 5 stars,281 customer reviews,5.8 x 1.1 x 8.5 inches
The Gruffalo,Julia Donaldson,"Mar 2, 2006",,$5.99 ,,"Puffin Books; Reprint edition (March 2, 2006)",English,4.9 out of 5 stars,"1,572 customer reviews",9.78E+12
The Things They Carried,Tim O'Brien,"Oct 13, 2009",$19.27 ,$8.55 ,,Mariner Books (2009),English,4.4 out of 5 stars,"2,653 customer reviews",5.3 x 0.6 x 8 inches
Fantastic Beasts and Where to Find Them,$ 26 19,,,$23.64 ,160 pages,"Arthur A. Levine Books; Reprint edition (November 7, 2017)",English,4.6 out of 5 stars,230 customer reviews,978-1338216790
Harry Potter: A History of Magic (American Edition),$ 27 98,,,$27.98 ,272 pages,"Arthur A. Levine Books (October 9, 2018)",English,4.5 out of 5 stars,62 customer reviews,978-1338311501
Fantastic Beasts: The Crimes of Grindelwald - The Original Screenplay (Harry Potter),$ 16 50,,$13.22 ,$16.50 ,304 pages,"Arthur A. Levine Books (November 16, 2018)",English,,,6 x 1.1 x 8.6 inches
Juror #3,James Patterson,"Sep 10, 2018",,$14.89 ,352 pages,"Little, Brown and Company; First Edition edition (September 10, 2018)",English,4.1 out of 5 stars,295 customer reviews,)
I hope this reaches her in time,r.h. Sin,"Nov 19, 2017",$0.97 ,$6.30 ,,"CreateSpace Independent Publishing Platform (November 19, 2017)",English,4.5 out of 5 stars,461 customer reviews,)
Sold on a Monday: A Novel,Kristina McMorris,"Aug 28, 2018",,$10.43 ,,"Sourcebooks Landmark (August 28, 2018)",English,4.3 out of 5 stars,269 customer reviews,5.5 x 0.9 x 8.2 inches
"1,000 Books to Read Before You Die: A Life-Changing List",,"Oct 2, 2018",,$21.68 ,960 pages,"Workman Publishing Company (October 2, 2018)",English,4.0 out of 5 stars,27 customer reviews,)
"Of Blood and Bone: Chronicles of The One, Book 2",Nora Roberts,"Dec 4, 2018",,$20.29 ,464 pages,"St. Martin's Press (December 4, 2018)",English,,,6.1 x 9.2 inches
Beartown: A Novel,Fredrik Backman,"Feb 6, 2018",$14.19 ,$11.99 ,,"Washington Square Press; Reprint edition (February 6, 2018)",English,4.5 out of 5 stars,"2,283 customer reviews",)
The Great American Read: The Book of Books: Explore America's 100 Best-Loved Novels,,"Aug 21, 2018",$19.49 ,$19.49 ,288 pages,"Black Dog & Leventhal; First Edition, First Printing edition (August 21, 2018)",English,4.7 out of 5 stars,18 customer reviews,8.4 x 1 x 10.5 inches
The Noel Stranger (The Noel Collection),Richard Paul Evans,"Nov 6, 2018",$13.51 ,$13.51 ,352 pages,"Simon & Schuster (November 6, 2018)",English,,,5 x 1 x 7 inches
Silly Jokes for Silly Kids. Children's joke book age 5-12,Silly Willy,"Nov 24, 2016",,$5.99 ,,"Willy, Silly (November 24, 2016)",English,4.6 out of 5 stars,281 customer reviews,978-1540619396
Thomas Kinkade Studios: Disney Dreams Collection 2019 Wall Calendar,Thomas Kinkade,"Jun 5, 2018",$9.94 ,$9.94 ,,"Andrews McMeel Publishing (June 5, 2018)",English,4.9 out of 5 stars,29 customer reviews,)
War of the Wolf: A Novel (Saxon Tales),Bernard Cornwell,"Oct 2, 2018",$18.89 ,$18.89 ,352 pages,"Harper (October 2, 2018)",English,4.4 out of 5 stars,87 customer reviews,62563173
Mere Christianity,C. S. Lewis,"Apr 21, 2015",,$8.41 ,,"HarperOne; Revised & Enlarged edition (April 21, 2015)",English,4.7 out of 5 stars,"3,412 customer reviews",5.3 x 0.6 x 8 inches
Milkman: A Novel,Anna Burns,"Dec 11, 2018",$8.38 ,$12.75 ,,"Graywolf Press; Reprint edition (December 11, 2018)",English,3.8 out of 5 stars,13 customer reviews,)
Between the World and Me,Ta-Nehisi Coates,"Jul 14, 2015",$13.59 ,$13.59 ,176 pages,"Spiegel & Grau; 1 edition (July 14, 2015)",English,4.6 out of 5 stars,"3,943 customer reviews",5.1 x 0.8 x 7.5 inches
The Guernsey Literary and Potato Peel Pie Society,Mary Ann Shaffer,"May 5, 2009",,$9.78 ,,"Dial Press (May 5, 2009)",English,4.7 out of 5 stars,"4,739 customer reviews",5.2 x 0.7 x 8 inches
An Absolutely Remarkable Thing: A Novel,Hank Green,"Sep 25, 2018",$15.60 ,$12.99 ,352 pages,"Dutton; 1st Edition edition (September 25, 2018)",English,4.5 out of 5 stars,154 customer reviews,)
Brave New World,Aldous Huxley,"Oct 17, 2006",$13.55 ,$8.99 ,,"Harper Perennial; Reprint edition (October 18, 2006)",English,4.2 out of 5 stars,"2,841 customer reviews",)
Lilac Girls: A Novel,Martha Hall Kelly,"Feb 28, 2017",$16.96 ,$10.19 ,,"Ballantine Books; Reprint edition (February 28, 2017)",English,4.6 out of 5 stars,"5,421 customer reviews",)
Their Eyes Were Watching God,Zora Neale Hurston,"May 30, 2006",$18.70 ,$14.52 ,,"Harper Perennial Modern Classics; 1 edition (May 30, 2006)",English,4.5 out of 5 stars,"1,448 customer reviews",)
Blood Communion: A Tale of Prince Lestat (Vampire Chronicles),Anne Rice,"Oct 2, 2018",$16.85 ,$16.85 ,272 pages,"Knopf (October 2, 2018)",English,4.3 out of 5 stars,94 customer reviews,1524732648
Sea of Greed (The NUMA Files),Clive Cussler,"Nov 6, 2018",,$18.90 ,416 pages,"G.P. Putnam's Sons (November 6, 2018)",English,,,6.4 x 1.5 x 9.3 inches
In Cold Blood,Truman Capote,"Feb 1, 1994",$22.50 ,$9.88 ,,"Vintage (February 1, 1994)",English,4.5 out of 5 stars,"1,839 customer reviews",679745580
"Bathed in Prayer: Father Tim's Prayers, Sermons, and Reflections from the Mitford Series",Jan Karon,"Oct 30, 2018",$13.52 ,$13.52 ,240 pages,"G.P. Putnam's Sons (October 30, 2018)",English,4.8 out of 5 stars,8 customer reviews,)
Neon Prey (A Prey Novel),John Sandford,"Apr 23, 2019",$26.10 ,$26.10 ,400 pages,"G.P. Putnam's Sons (April 23, 2019)",English,,,6 x 1.2 x 9 inches
Time's Convert: A Novel,Deborah Harkness,"Sep 18, 2018",$20.28 ,$12.32 ,448 pages,"Viking; First Edition edition (September 18, 2018)",English,4.0 out of 5 stars,306 customer reviews,6.4 x 1.4 x 9.3 inches
Frankenstein,,"Oct 21, 1994",,,,Dover Publications; 1 edition (1994),English,4.2 out of 5 stars,"2,679 customer reviews",)
Origin: A Novel (Robert Langdon),Dan Brown,"Jul 17, 2018",$13.99 ,$1.95 ,,"Anchor; Reprint edition (July 17, 2018)",English,4.2 out of 5 stars,"8,558 customer reviews",525563709
Heads You Win: A Novel,Jeffrey Archer,"Nov 6, 2018",$21.98 ,$18.89 ,448 pages,"St. Martin's Press (November 6, 2018)",English,3.4 out of 5 stars,3 customer reviews,)
Oathbringer: Book Three of the Stormlight Archive,Brandon Sanderson,"Oct 30, 2018",$25.73 ,$14.19 ,,"Tor Books; Reprint edition (October 30, 2018)",English,4.6 out of 5 stars,"2,109 customer reviews",6.2 x 2.2 x 9.1 inches
Outlander,Diana Gabaldon,"Jun 2, 1992",$23.62 ,$9.99 ,,"Dell; Reissue edition (June 2, 1992)",English,4.6 out of 5 stars,"19,203 customer reviews",)
A Man Called Ove: A Novel,Fredrik Backman,"May 5, 2015",$14.19 ,$10.60 ,,"Washington Square Press; Reprint edition (May 5, 2015)",English,4.6 out of 5 stars,"16,255 customer reviews",5.3 x 1 x 8.2 inches
Becoming Mrs. Lewis: The Improbable Love Story of Joy Davidman and C. S. Lewis,,"Oct 2, 2018",$21.82 ,$21.82 ,416 pages,"Thomas Nelson (October 2, 2018)",English,4.5 out of 5 stars,93 customer reviews,6.4 x 1.3 x 9.6 inches
Americanah,Chimamanda Ngozi Adichie,"Mar 4, 2014",$19.68 ,$13.38 ,,"Anchor (March 4, 2014)",English,4.5 out of 5 stars,"3,967 customer reviews",5.2 x 1.1 x 8 inches
You Don't Own Me (An Under Suspicion Novel),Mary Higgins Clark,"Nov 6, 2018",$10.29 ,$17.70 ,288 pages,"Simon & Schuster (November 6, 2018)",English,,,6 x 1 x 9 inches
Holes (Holes Series),Louis Sachar,"May 9, 2000",,$6.21 ,,"Yearling (May 9, 2000)",English,4.7 out of 5 stars,"2,416 customer reviews",English
And Then There Were None,Agatha Christie,"Mar 29, 2011",$13.59 ,$4.99 ,,"William Morrow; Reissue edition (March 29, 2011)",English,4.5 out of 5 stars,"2,414 customer reviews",)
The Tuscan Child,Rhys Bowen,"Feb 20, 2018",,$11.99 ,,"Lake Union Publishing (February 20, 2018)",English,4.3 out of 5 stars,"2,474 customer reviews",)
The Power,Naomi Alderman,"Oct 10, 2017",$18.20 ,$18.20 ,400 pages,"Little, Brown and Company; First Edition edition (October 10, 2017)",English,4.0 out of 5 stars,593 customer reviews,)
A FEW Words Of Comfort For The Grieving: The One Year Companion For The Brokenhearted,,"Oct 30, 2018",,,,"FEW International Publications (October 30, 2018)",English,5.0 out of 5 stars,6 customer reviews,7 x 0.6 x 10 inches
Virgil Wander,Leif Enger,"Oct 2, 2018",,$16.20 ,352 pages,"Grove Press; 1st edition (October 2, 2018)",English,4.4 out of 5 stars,105 customer reviews,)
Friday Black,Nana Kwame Adjei-Brenyah,"Oct 23, 2018",$10.39 ,$10.39 ,,"Mariner Books (October 23, 2018)",English,4.3 out of 5 stars,10 customer reviews,)
The Curious Incident of the Dog in the Night-Time,Mark Haddon,"May 18, 2004",,$7.16 ,,"Vintage Contemporaries; 1st edition (May 18, 2004)",English,4.3 out of 5 stars,"3,946 customer reviews",5.2 x 0.7 x 8 inches
Beauchamp Hall: A Novel,Danielle Steel,"Nov 20, 2018",$19.65 ,$19.65 ,288 pages,"Delacorte Press (November 20, 2018)",English,,,)
"Silence: poetry, photos & a f**k ton of feelings.",Camilla Nicole Petyn,"Oct 24, 2018",$16.19 ,$16.19 ,,"CreateSpace Independent Publishing Platform (October 24, 2018)",English,5.0 out of 5 stars,34 customer reviews,)
The Absolutely True Diary of a Part-Time Indian,Sherman Alexie,"Apr 1, 2009",,$8.29 ,,"Little, Brown Books for Young Readers; Reprint edition (April 1, 2009)",English,4.6 out of 5 stars,"1,924 customer reviews",9.78E+12
Disappearing Earth: A novel,Julia Phillips,"May 21, 2019",$26.95 ,$26.95 ,304 pages,"Knopf (May 21, 2019)",English,,,)
The Kite Runner,Khaled Hosseini,"Mar 5, 2013",,$11.48 ,,"Riverhead Books; 1 edition (September 26, 2013)",English,4.7 out of 5 stars,"5,994 customer reviews",5.1 x 1 x 8 inches
American Like Me: Reflections on Life Between Cultures,America Ferrera,"Sep 25, 2018",$17.10 ,$12.50 ,336 pages,"Gallery Books (September 25, 2018)",English,4.0 out of 5 stars,17 customer reviews,)
It: A Novel,Stephen King,"Sep 5, 2017",$20.93 ,$14.99 ,,"Scribner; Media Tie-In edition (September 5, 2017)",English,4.5 out of 5 stars,"4,165 customer reviews",)
"Outlander 4-Copy Boxed Set: Outlander, Dragonfly in Amber, Voyager, Drums of Autumn",Diana Gabaldon,"Apr 28, 2015",$27.76 ,$27.76 ,,"Dell; Reissue edition (April 28, 2015)",English,4.7 out of 5 stars,548 customer reviews,1101887486
"The Broken Earth Trilogy: The Fifth Season, The Obelisk Gate, The Stone Sky",N. K. Jemisin,"Oct 2, 2018",$25.33 ,$25.33 ,,"Orbit (October 2, 2018)",English,3.5 out of 5 stars,3 customer reviews,5.6 x 4 x 8.5 inches
Milk and Vine: Inspirational Quotes From Classic Vines,Adam Gasiewski,"Oct 22, 2017",$2.28 ,$6.99 ,,"Independently published (October 22, 2017)",English,3.9 out of 5 stars,802 customer reviews,6 x 0.2 x 9 inches
The Goal: A Process of Ongoing Improvement,Eliyahu M. Goldratt,"Jun 1, 2014",,$16.50 ,,"North River Press; 30th Anniversary Edition edition (June 1, 2014)",English,4.6 out of 5 stars,"1,438 customer reviews",8.9 x 6 x 1.1 inches
The Screwtape Letters,C. S. Lewis,"Apr 21, 2015",$19.90 ,$10.19 ,,"HarperOne; Reprint edition (April 21, 2015)",English,4.6 out of 5 stars,"2,371 customer reviews",)
The Immortalists,Chloe Benjamin,"Jan 9, 2018",,$12.95 ,352 pages,"G.P. Putnam's Sons; First Edition edition (January 9, 2018)",English,3.9 out of 5 stars,868 customer reviews,)
Harry Potter And The Order Of The Phoenix,J.K. Rowling,"Aug 10, 2004",,$8.99 ,,"Scholastic Paperbacks (September 1, 2004)",English,4.6 out of 5 stars,"6,794 customer reviews",English
The Colors of All the Cattle: No. 1 Ladies' Detective Agency (19) (No. 1 Ladies' Detective Agency Series),Alexander McCall Smith,"Nov 6, 2018",$21.96 ,$17.07 ,240 pages,"Pantheon (November 6, 2018)",English,4.4 out of 5 stars,3 customer reviews,6.4 x 0.9 x 9.5 inches
Pillow Thoughts,Courtney Peppernell,"Aug 29, 2017",,$11.08 ,,"Andrews McMeel Publishing (August 29, 2017)",English,4.4 out of 5 stars,187 customer reviews,)
The House on Mango Street,Sandra Cisneros,"Apr 3, 1991",$20.20 ,$6.90 ,,"Vintage (April 3, 1991)",English,4.1 out of 5 stars,"1,367 customer reviews",5.2 x 0.4 x 8 inches
Macbeth (Folger Shakespeare Library),William Shakespeare,"Jul 1, 2003",$9.99 ,$5.39 ,,"Simon & Schuster; 1 edition (July 1, 2003)",English,4.4 out of 5 stars,"8,984 customer reviews",4.2 x 0.9 x 6.8 inches
Macbeth (Folger Shakespeare Library),William Shakespeare,"Jul 1, 2003",$9.99 ,$5.39 ,,"Simon & Schuster; 1 edition (July 1, 2003)",English,4.4 out of 5 stars,"8,984 customer reviews",4.2 x 0.9 x 6.8 inches
Harry Potter and the Prisoner of Azkaban,J.K. Rowling,"Sep 11, 2001",,$7.39 ,,"Scholastic Paperbacks (October 1, 2001)",English,4.8 out of 5 stars,"27,651 customer reviews",English
Bird Box: A Novel,Josh Malerman,"Feb 10, 2015",,$14.05 ,,"Ecco; Reprint edition (February 10, 2015)",English,4.4 out of 5 stars,"1,539 customer reviews",5.3 x 0.6 x 8 inches
Next Year in Havana,Chanel Cleeton,"Feb 6, 2018",,$11.15 ,,"Berkley (February 6, 2018)",English,4.6 out of 5 stars,405 customer reviews,)
Warlight: A novel,Michael Ondaatje,"May 8, 2018",,$18.32 ,304 pages,"Knopf; First Edition edition (May 8, 2018)",English,3.9 out of 5 stars,347 customer reviews,6 x 1.2 x 8.5 inches
"The Witcher Boxed Set: Blood of Elves, The Time of Contempt, Baptism of Fire",Andrzej Sapkowski,"Oct 3, 2017",$27.19 ,$27.19 ,,"Orbit; Translation edition (October 3, 2017)",English,4.3 out of 5 stars,78 customer reviews,5.8 x 3.3 x 8.8 inches
"The Phoenix Project: A Novel about IT, DevOps, and Helping Your Business Win",Gene Kim,"Feb 27, 2018",,$16.32 ,,"IT Revolution Press; 5th Anniversary edition (February 27, 2018)",English,4.7 out of 5 stars,"2,066 customer reviews",)
The Electric State,Simon Stålenhag,"Sep 25, 2018",$21.35 ,$18.12 ,144 pages,"Skybound Books (September 25, 2018)",English,4.8 out of 5 stars,16 customer reviews,)
The Storyteller's Secret: A Novel,Sejal Badani,"Sep 1, 2018",,$10.99 ,,"Lake Union Publishing; Reprint edition (September 1, 2018)",English,4.8 out of 5 stars,"3,243 customer reviews",)
"Tuesdays with Morrie: An Old Man, a Young Man, and Life's Greatest Lesson, 20th Anniversary Edition",Mitch Albom,"Oct 8, 2002",,$6.12 ,,"Broadway Books; Anniversary, Reprint edition (October 8, 2002)",English,4.8 out of 5 stars,"3,974 customer reviews",5 x 0.6 x 7.3 inches
The Shining,Stephen King,"Jun 26, 2012",$34.00 ,$6.29 ,,"Anchor; Reissue edition (June 26, 2012)",English,4.7 out of 5 stars,"4,449 customer reviews",4.2 x 1.1 x 6.8 inches
Beloved,Toni Morrison,"Jun 8, 2004",,$9.39 ,,"Vintage; Reprint edition (June 8, 2004)",English,4.2 out of 5 stars,"1,049 customer reviews",)
Beloved,Toni Morrison,"Jun 8, 2004",,$9.39 ,,"Vintage; Reprint edition (June 8, 2004)",English,4.2 out of 5 stars,"1,049 customer reviews",)
The Hobbit,J. R. R. Tolkien,"Sep 18, 2012",,$9.98 ,,"Houghton Mifflin Harcourt (September 18, 2012)",English,4.7 out of 5 stars,"19,207 customer reviews",054792822X
The Walking Dead Volume 30: New World Order,Robert Kirkman,"Sep 11, 2018",,$11.59 ,,"Image Comics (September 11, 2018)",English,4.6 out of 5 stars,15 customer reviews,6.5 x 0.6 x 10 inches
The Odyssey,Homer,"Nov 1, 1997",$12.56 ,$10.36 ,,"Penguin Classics; Reprint edition (November 29, 1999)",English,4.3 out of 5 stars,"4,432 customer reviews",140268863
"The Great Tales of Middle-earth: Children of Húrin, Beren and Lúthien, and The Fall of Gondolin",J.R.R. Tolkien,"Oct 23, 2018",,$46.39 ,928 pages,"Houghton Mifflin Harcourt (October 23, 2018)",English,,,)
"Sing, Unburied, Sing: A Novel",Jesmyn Ward,"May 8, 2018",,$8.31 ,,"Scribner; Reprint edition (May 8, 2018)",English,4.3 out of 5 stars,663 customer reviews,5.2 x 0.6 x 8 inches
Pet Sematary: A Novel,Stephen King,"Jan 31, 2017",$18.30 ,$6.63 ,,"Pocket Books; Reissue edition (January 31, 2017)",English,4.7 out of 5 stars,"4,449 customer reviews",)
Curse of Strahd: A Dungeons & Dragons Sourcebook (D&D Supplement),Wizards RPG Team,"Mar 15, 2016",,$24.66 ,256 pages,"Wizards of the Coast; Har/Map edition (March 15, 2016)",English,4.6 out of 5 stars,249 customer reviews,8.5 x 0.8 x 11.2 inches
The Kiss Quotient,Helen Hoang,"Jun 5, 2018",$38.95 ,$10.40 ,,"Berkley (June 5, 2018)",English,4.6 out of 5 stars,493 customer reviews,)
A Place for Us: A Novel,Fatima Farheen Mirza,"Jun 12, 2018",,$15.94 ,400 pages,"SJP for Hogarth; 1st edition (June 12, 2018)",English,4.4 out of 5 stars,230 customer reviews,)
"Provocations: Collected Essays on Art, Feminism, Politics, Sex, and Education",Camille Paglia,"Oct 9, 2018",$14.77 ,$25.47 ,736 pages,"Pantheon (October 9, 2018)",English,4.4 out of 5 stars,7 customer reviews,6.4 x 1.5 x 9.5 inches
The Woman in Cabin 10,Ruth Ware,"Apr 11, 2017",$15.00 ,$8.80 ,,"Gallery/Scout Press; Reprint edition (April 11, 2017)",English,3.8 out of 5 stars,"4,590 customer reviews",)
Beloved,$ 25 99,,,$3.99 ,,Collectible First Editions; 1st edition (January 1987),,4.2 out of 5 stars,"1,049 customer reviews",
The Bluest Eye (Vintage International),$ 13 46,,$14.00 ,$10.95 ,,"Vintage; Reprint edition (May 8, 2007)",English,4.2 out of 5 stars,"1,234 customer reviews",307278441
Song of Solomon,$ 10 87,,,,,,,,,
